"Status","Start Time","Stop Time","Duration in ms","Parent Suite","Suite","Sub Suite","Test Class","Test Method","Name","Description"
"passed","Wed Oct 07 23:13:37 UTC 2026","Wed Oct 07 23:13:38 UTC 2026","595","Phoenix API Test Suite","Inwarranty Flow","com.api.tests.CreateJobApiTest","com.api.tests.CreateJobApiTest","createJobAPITest","Verify Create Job API is able to create In-warranty job","Verfying if FD user is able to use create job api and is able to create a job"
"passed","Wed Oct 07 23:13:29 UTC 2026","Wed Oct 07 23:13:32 UTC 2026","3063","Phoenix API Test Suite","Inwarranty Flow","com.api.tests.LoginAPITest","com.api.tests.LoginAPITest","loginApiTest","Verify if login API is working for FD user","Verify if login API is working for FD user"
"broken","Wed Oct 07 23:13:38 UTC 2026","Wed Oct 07 23:13:38 UTC 2026","567","Phoenix API Test Suite","Inwarranty Flow","com.api.tests.CreateJobApiTestWithFakeData","com.api.tests.CreateJobApiTestWithFakeData","createJobAPITest","Verify Create Job API is able to create In-warranty job",""
"passed","Wed Oct 07 23:13:36 UTC 2026","Wed Oct 07 23:13:37 UTC 2026","581","Phoenix API Test Suite","Inwarranty Flow","com.api.tests.MasterAPITest","com.api.tests.MasterAPITest","masterAPITest","Verify Master API is showing correct response","Verify Master API is showing correct response"
"passed","Wed Oct 07 23:13:33 UTC 2026","Wed Oct 07 23:13:34 UTC 2026","514","Phoenix API Test Suite","Inwarranty Flow","com.api.tests.CountAPITest","com.api.tests.CountAPITest","countAPIMissingAuthToken","Verify Count API is giving correct status code for invalid token",""
"passed","Wed Oct 07 23:13:34 UTC 2026","Wed Oct 07 23:13:34 UTC 2026","541","Phoenix API Test Suite","Inwarranty Flow","com.api.tests.CountAPITest","com.api.tests.CountAPITest","verifyCountAPIResponse","Verify Count API is showing correct response","Verify Count API is showing correct response"
"broken","Wed Oct 07 23:13:38 UTC 2026","Wed Oct 07 23:13:39 UTC 2026","509","Phoenix API Test Suite","Inwarranty Flow","com.api.tests.CreateJobApiWithDBValidationUsingDeserialization","com.api.tests.CreateJobApiWithDBValidationUsingDeserialization","createJobAPITest","Verify Create Job API is able to create In-warranty job",""
"passed","Wed Oct 07 23:13:36 UTC 2026","Wed Oct 07 23:13:36 UTC 2026","420","Phoenix API Test Suite","Inwarranty Flow","com.api.tests.MasterAPITest","com.api.tests.MasterAPITest","invalidTokenMasterAPI","Verify Master API is giving correct status code for invalid token",""
"passed","Wed Oct 07 23:13:32 UTC 2026","Wed Oct 07 23:13:33 UTC 2026","928","Phoenix API Test Suite","Inwarranty Flow","com.api.tests.UserDetailsApiTest","com.api.tests.UserDetailsApiTest","userDetailsApi","Verify User Details API is shwoing correct response","Verify User Details API is shwoing correct response"
"passed","Wed Oct 07 23:13:34 UTC 2026","Wed Oct 07 23:13:36 UTC 2026","1930","Phoenix API Test Suite","Inwarranty Flow","com.api.tests.DetailsAPITest","com.api.tests.DetailsAPITest","validateDetailsAPIResponse","Verify Details API is showing correct response","Verify Details API is showing correct response"
